phase,suite,device,sweep,N,B,nmb,zones,nmu,rays_per_octant,rays_total,nlim,n_repeat,peak_mem_gib,pct_fill,oom,zcps_off_med,zcps_on_med,zcps_on_min,zcps_on_max,slowdown_med,t_rad_ms,t_hydro_ms,t_sweep_ms,rad_over_hydro,sweep_over_hydro,rad_cells_per_s,hydro_cells_per_s,gcaups,nang,niter,sm_util_mean,sm_util_peak,mem_util_mean,dcgm_sm_occ_mean,dcgm_sm_active_mean,sm_clock_mhz,gpu_temp_c,power_w
2,sweep,a100,wavefront,176,16,1331,5451776,1,1,8,50,3,6.4541015625,16.13525390625,False,113673700.0,77885450.0,77719510.0,78174460.0,1.459498532781155,798.58543,1881.056,677.286,0.4245410184492115,0.36005626626745824,341339560.8782895,144912644.81227565,3.2197777600600044,8.0,1.0,45.666666666666664,96.0,16.36111111111111,0.34685135135135137,0.6242364864864864,1101.6666666666667,48.0,144.4372222222222
2,sweep,a100,wavefront,176,16,1331,5451776,2,3,24,50,3,9.3876953125,23.46923828125,False,113673700.0,57623170.0,57587610.0,57631030.0,1.9727082005380823,1577.6080900000002,1940.309,1391.92,0.813070541856993,0.7173702745284386,172786132.2009321,140487314.13398588,4.700077015920455,24.0,1.0,59.825,98.0,23.7,0.36339939024390244,0.6564268292682927,1284.375,53.0,170.84
2,sweep,a100,wavefront,176,16,1331,5451776,3,6,48,50,3,13.8017578125,34.50439453125,False,113673700.0,40063790.0,40002810.0,40123770.0,2.837317687617672,2889.5915400000004,1982.963,2591.76,1.4572090049083117,1.3070137970300002,94334716.94065104,137465399.00139338,5.048408185943142,48.0,1.0,67.09803921568627,99.0,27.901960784313726,0.37322058823529414,0.6787303921568628,1226.1764705882354,55.0,183.6443137254902
2,sweep,a100,wavefront,176,16,1331,5451776,4,10,80,50,3,19.7001953125,49.25048828125,False,113673700.0,28633330.0,28623460.0,28705340.0,3.9699783434200633,4730.61763,1964.0059999999999,4281.23,2.408657422635165,2.1798456827524966,57622243.29257405,138792244.0155478,5.093653926558489,80.0,1.0,77.03125,100.0,32.453125,0.385166015625,0.702517578125,1260.9375,59.0,194.55421875
2,sweep,a100,wavefront,176,16,1331,5451776,5,15,120,50,3,26.9931640625,67.48291015625,False,113673700.0,20878700.0,20845700.0,20903560.0,5.444481696657359,6920.309399999999,1955.409,6292.4,3.5390598079481066,3.2179457085448617,39389683.93522984,139402447.2629511,5.198438751509758,120.0,1.0,82.57831325301204,100.0,35.325301204819276,0.3883042168674699,0.7068328313253012,1276.987951807229,66.0,209.97036144578314
2,sweep,a100,wavefront,176,16,1331,5451776,6,21,168,50,3,35.8447265625,89.61181640625,False,113673700.0,15663260.0,15662290.0,15715220.0,7.257346171869713,9621.83359,1953.193,8773.45,4.926207287247087,4.4918500117499915,28330234.29996777,139560606.6579186,5.2197161207962655,168.0,1.0,88.1747572815534,100.0,38.61165048543689,0.39767427884615386,0.7253209134615385,1292.3300970873786,66.0,222.31533980582523
2,sweep,a100,wavefront,176,22,512,5451776,1,1,8,50,3,5.3447265625,13.36181640625,False,157321000.0,97344170.0,95927190.0,98253970.0,1.6161317108153472,871.27248,1403.885,771.927,0.6206152783169562,0.549850593175367,312862860.0779402,194167470.9823098,2.825021537010624,8.0,1.0,42.13333333333333,97.0,17.533333333333335,0.34870833333333334,0.6258791666666667,1138.0,61.0,151.888
2,sweep,a100,wavefront,176,22,512,5451776,2,3,24,50,3,7.5888671875,18.97216796875,False,157321000.0,70272660.0,69778610.0,70486550.0,2.238722712360682,1675.30473,1456.748,1507.69,1.1500305680872738,1.0349696721739106,162709980.5299302,187121451.3423049,4.339175294656063,24.0,1.0,51.2972972972973,98.0,22.54054054054054,0.3532927631578947,0.6421907894736842,1134.3243243243244,59.0,159.2927027027027
2,sweep,a100,wavefront,176,22,512,5451776,3,6,48,50,3,10.9716796875,27.42919921875,False,157321000.0,47222460.0,47173200.0,47294040.0,3.3314867543961073,3078.8422800000003,1488.417,2803.3,2.0685347453032317,1.883410361478,88536136.3817571,183140074.3205701,4.66744993400635,48.0,1.0,65.4,99.0,29.77777777777778,0.36874999999999997,0.6689402173913043,1229.0,62.0,180.97688888888888
2,sweep,a100,wavefront,176,22,512,5451776,4,10,80,50,3,15.3974609375,38.49365234375,False,157321000.0,33231070.0,33175450.0,33250780.0,4.734153910782891,4985.85172,1464.911,4566.62,3.4035185209203833,3.1173361385094385,54672464.26654662,186078744.71554926,4.775327047137709,80.0,1.0,72.49122807017544,99.0,34.12280701754386,0.39325,0.7169934210526316,1250.5263157894738,61.0,198.2880701754386
2,sweep,a100,wavefront,176,22,512,5451776,5,15,120,50,3,20.9638671875,52.40966796875,False,157321000.0,23977170.0,23939080.0,23991160.0,6.5612830872033685,7326.39702,1465.568,6728.97,4.999015412454421,4.591373447018494,37206392.07182905,185995327.4088954,4.8611683511741015,120.0,1.0,78.22077922077922,100.0,34.896103896103895,0.38886525974025976,0.7111525974025974,1203.3116883116884,64.0,204.9235064935065
2,sweep,a100,wavefront,176,22,512,5451776,6,21,168,50,3,27.6474609375,69.11865234375,False,157321000.0,17782030.0,17765440.0,17861750.0,8.847190112714914,10236.96606,1464.846,9425.52,6.988424762739565,6.434478436641122,26627889.39636281,186087001.63703215,4.858609222621139,168.0,1.0,85.41489361702128,100.0,38.5,0.36986315789473684,0.6659684210526317,1268.2978723404256,69.0,218.16563829787233
2,sweep,a100,wavefront,176,44,64,5451776,1,1,8,50,3,3.9873046875,9.96826171875,False,266123800.0,124932200.0,122132600.0,125653300.0,2.13014579107708,1108.77771,783.1959999999999,1013.91,1.4157091072988117,1.294580156180573,245846212.04190692,348046721.38264245,2.150792871162135,8.0,1.0,37.22222222222222,97.0,18.77777777777778,0.35879464285714285,0.6561383928571428,1156.111111111111,61.0,148.21
2,sweep,a100,wavefront,176,44,64,5451776,2,3,24,50,3,5.4423828125,13.60595703125,False,266123800.0,86440390.0,84607290.0,87219720.0,3.0786973543270686,1905.1379100000001,805.903,1746.9,2.363979176153954,2.167630595741671,143080875.4417154,338240210.0500929,3.7449946762837025,24.0,1.0,48.5,98.0,23.59375,0.3712109375,0.6811796875,1159.6875,59.0,159.12
2,sweep,a100,wavefront,176,44,64,5451776,3,6,48,50,3,7.5732421875,18.93310546875,False,266123800.0,56182080.0,55879810.0,56587200.0,4.736809317134574,3362.42097,816.563,3098.56,4.11777287239319,3.7946367885882655,81069206.51282994,333824579.3649724,4.222691314675203,48.0,1.0,58.348837209302324,98.0,28.53488372093023,0.3529346590909091,0.643528409090909,1124.6511627906978,61.0,173.9541860465116
2,sweep,a100,wavefront,176,44,64,5451776,4,10,80,50,3,10.3837890625,25.95947265625,False,266123800.0,38025480.0,37931320.0,38034140.0,6.9985651726158356,5349.57196,819.42,4943.12,6.528485953479291,6.03246198530668,50955254.37141703,332660662.41976035,4.4116072440078336,80.0,1.0,70.16981132075472,99.0,33.16981132075472,0.3822824074074074,0.7011041666666666,1188.1132075471698,62.0,190.69943396226415
2,sweep,a100,wavefront,176,44,64,5451776,5,15,120,50,3,13.9482421875,34.87060546875,False,266123800.0,26813000.0,26764870.0,26846100.0,9.925178085257151,7881.022910000001,804.904,7287.64,9.791258224583306,9.054048681581904,34587997.410097614,338660014.1134844,4.48851150715458,120.0,1.0,74.92537313432835,99.0,36.44776119402985,0.39532462686567166,0.736384328358209,1180.0746268656717,63.0,217.55029850746268
2,sweep,a100,wavefront,176,44,64,5451776,6,21,168,50,3,18.1591796875,45.39794921875,False,266123800.0,19895740.0,19865080.0,19925200.0,13.375918663995408,10914.28394,803.0899999999999,10129.4,13.590362151191025,12.613032163269374,24975417.672705337,339424971.049322,4.520990226469484,168.0,1.0,80.05882352941177,100.0,38.77647058823529,0.3502383720930233,0.6316947674418605,1252.764705882353,63.0,216.00599999999997
2,sweep,a100,wavefront,176,88,8,5451776,1,1,8,50,3,3.3896484375,8.47412109375,False,395371500.0,120705600.0,117375600.0,124478500.0,3.275502545035193,1571.37139,461.334,1488.07,3.4061469347587647,3.2255805988719666,173471912.32748613,590870822.441008,1.4654622430396418,8.0,1.0,37.61538461538461,94.0,20.653846153846153,0.34187962962962964,0.6477361111111111,1094.423076923077,60.0,140.95576923076922
2,sweep,a100,wavefront,176,88,8,5451776,2,3,24,50,3,4.4697265625,11.17431640625,False,395371500.0,88504340.0,87441260.0,88757070.0,4.467255504080365,2352.90546,472.492,2205.62,4.979778408946606,4.668057871879312,115851998.57541236,576917281.1391516,2.966118914409554,24.0,1.0,48.96774193548387,96.0,24.612903225806452,0.35916015625,0.69171484375,1229.516129032258,57.0,165.98161290322582
2,sweep,a100,wavefront,176,88,8,5451776,3,6,48,50,3,6.0419921875,15.10498046875,False,395371500.0,57510500.0,57187130.0,57599730.0,6.874770694047174,3933.47851,478.056,3686.19,8.228070581689174,7.71079120437773,69299679.48394868,570202654.082367,3.549535536692357,48.0,1.0,57.7,97.0,27.675,0.370565625,0.708809375,1212.0,59.0,180.78199999999998
2,sweep,a100,wavefront,176,88,8,5451776,4,10,80,50,3,8.1513671875,20.37841796875,False,395371500.0,39002900.0,38591410.0,39031530.0,10.136976994018394,5980.19794,480.04699999999997,5601.16,12.457525908921419,11.667940847458686,45581902.59501678,567837732.555354,3.8933192410143613,80.0,1.0,67.92,98.0,33.4,0.38853499999999996,0.7415025,1217.4,62.0,198.00959999999998
2,sweep,a100,wavefront,176,88,8,5451776,5,15,120,50,3,10.8408203125,27.10205078125,False,395371500.0,27450630.0,27385850.0,27541230.0,14.403002772613961,8645.6021,479.269,8102.82,18.039143153427407,16.906622376994964,31529186.38251927,568759506.6653591,4.036947136922701,120.0,1.0,76.04615384615384,99.0,36.30769230769231,0.3818096153846154,0.7193653846153846,1238.5384615384614,64.0,202.56246153846152
2,sweep,a100,wavefront,176,88,8,5451776,6,21,168,50,3,13.9755859375,34.93896484375,False,395371500.0,20138130.0,20112780.0,20161850.0,19.632979824839744,11988.04568,481.052,11243.8,24.920477786185273,23.373356726507733,22738385.16104153,566651422.2994603,4.072904036002064,168.0,1.0,78.96470588235294,99.0,37.141176470588235,0.388734011627907,0.731421511627907,1208.8235294117646,67.0,211.78588235294117
2,sweep,a100,wavefront,176,176,1,5451776,1,1,8,50,3,3.1513671875,7.87841796875,False,351683600.0,96183910.0,93969620.0,96207070.0,3.6563662259103418,2078.58112,560.7283,1999.86,3.706931003839114,3.566540158575909,131141766.55275306,486133480.3326317,1.0904315302071144,8.0,1.0,40.24242424242424,91.0,18.363636363636363,0.33325000000000005,0.6090147058823528,1081.8181818181818,60.0,135.65545454545455
2,sweep,a100,wavefront,176,176,1,5451776,2,3,24,50,3,4.0478515625,10.11962890625,False,351683600.0,69337090.0,67364860.0,69421720.0,5.072084796174746,3131.25342,567.6889,2988.82,5.515791166605513,5.264890682202876,87054212.30326353,480172855.23814195,2.188867579847565,24.0,1.0,49.75,94.0,23.25,0.3390798611111111,0.6201770833333333,1145.0,61.0,168.52027777777778
2,sweep,a100,wavefront,176,176,1,5451776,3,6,48,50,3,5.4033203125,13.50830078125,False,351683600.0,45668760.0,45661420.0,45702700.0,7.700747732147753,5075.65509,576.5593,4835.43,8.803353080940678,8.386700205859137,53705146.46218799,472785366.570273,2.7059149651633874,48.0,1.0,59.63265306122449,97.0,26.959183673469386,0.35450510204081637,0.6521607142857143,1170.3061224489795,63.0,180.55795918367346
2,sweep,a100,wavefront,176,176,1,5451776,4,10,80,50,3,7.1728515625,17.93212890625,False,351683600.0,32230890.0,31680790.0,32275770.0,10.911383458539309,7467.2544100000005,576.3718,7097.18,12.955620677486303,12.313544833387061,36504555.092559114,472939168.7795968,3.0726435006580077,80.0,1.0,68.36666666666666,97.0,31.05,0.3450245901639344,0.6194877049180328,1175.25,63.0,195.59016666666668
2,sweep,a100,wavefront,176,176,1,5451776,5,15,120,50,3,9.4052734375,23.51318359375,False,351683600.0,22804160.0,22776300.0,22837920.0,15.421905476895443,10855.90654,580.602,10313.7,18.697673345940938,17.763803776080692,25109722.435027525,469493387.8973893,3.1715733441926757,120.0,1.0,75.80263157894737,98.0,33.46052631578947,0.34705032467532465,0.6261168831168831,1209.078947368421,65.0,208.07276315789474
2,sweep,a100,wavefront,176,176,1,5451776,6,21,168,50,3,12.0595703125,30.14892578125,False,351683600.0,17100180.0,17037480.0,17101390.0,20.56607591265121,14675.787390000001,580.2998,13943.2,25.290009388250695,24.02758022663458,18574049.402333293,469737883.76284117,3.2843908428481265,168.0,1.0,78.06,99.0,34.91,0.3564225,0.6637975,1193.25,66.0,212.38830000000002
