phase,suite,device,sweep,ir_layout,N,B,nmb,zones,nmu,rays_per_octant,rays_total,nlim,n_repeat,peak_mem_gib,pct_fill,oom,zcps_off_med,zcps_on_med,zcps_on_min,zcps_on_max,slowdown_med,t_rad_ms,t_hydro_ms,t_sweep_ms,rad_over_hydro,sweep_over_hydro,rad_cells_per_s,hydro_cells_per_s,gcaups,nang,niter,sm_util_mean,sm_util_peak,mem_util_mean,dcgm_sm_occ_mean,dcgm_sm_active_mean,sm_clock_mhz,gpu_temp_c,power_w
2,sweep,a100,wavefront,angle_inner,144,16,729,2985984,1,1,8,50,3,4.1669921875,10.41748046875,False,108300200.0,69422870.0,69354030.0,70616700.0,1.560007530659565,623.71817,1063.883,486.599,0.5862657547869455,0.45738018184330415,239369649.91736573,140334228.4818913,2.454574711415354,8.0,1.0,40.15384615384615,96.0,15.038461538461538,0.2723055555555555,0.37624074074074076,1213.2692307692307,58.0,140.03846153846155
2,sweep,a100,wavefront,angle_inner,144,16,729,2985984,2,3,24,50,3,6.5048828125,16.26220703125,False,108300200.0,49917310.0,49708620.0,50234200.0,2.169592071367628,1233.17425,1070.337,904.131,1.1521364299281442,0.8447161968613623,121069021.67313337,139488030.405377,3.963121273355299,24.0,1.0,46.25806451612903,97.0,17.612903225806452,0.28303629032258065,0.39111693548387094,1151.1290322580646,58.0,156.64774193548388
2,sweep,a100,wavefront,angle_inner,144,16,729,2985984,3,6,48,50,3,9.9912109375,24.97802734375,False,108300200.0,36320110.0,36249100.0,36328340.0,2.981824669583875,1949.5348299999998,1068.7350000000001,1296.05,1.8241517588550946,1.2126953828591744,76581960.83626781,139697118.55604988,5.529386674896802,48.0,1.0,55.16216216216216,98.0,19.43243243243243,0.2908006756756757,0.39887162162162165,1189.054054054054,60.0,167.3635135135135
2,sweep,a100,wavefront,angle_inner,144,16,729,2985984,4,10,80,50,3,14.5537109375,36.38427734375,False,108300200.0,26587990.0,26530740.0,26664690.0,4.0732751892865915,2930.38267,1071.863,1814.72,2.733915313804096,1.6930521904385167,50948704.25233576,139289442.7739366,6.581696349850114,80.0,1.0,63.77777777777778,99.0,22.177777777777777,0.12938611111111112,0.1868388888888889,1225.0,63.0,181.39711111111112
2,sweep,a100,wavefront,angle_inner,144,16,729,2985984,5,15,120,50,3,20.3154296875,50.78857421875,False,108300200.0,19093500.0,19079090.0,19156940.0,5.67209783434153,4384.34112,1078.103,2543.75,4.066718226366127,2.3594684366892587,34052824.79480064,138483243.2522681,7.043107223587223,120.0,1.0,74.87272727272727,100.0,24.963636363636365,0.30460267857142853,0.41971428571428576,1254.2727272727273,66.0,197.83254545454548
2,sweep,a100,wavefront,angle_inner,144,16,729,2985984,6,21,168,50,3,27.2001953125,68.00048828125,False,108300200.0,14301780.0,14295210.0,14330190.0,7.5724979687843055,6071.49663,1075.074,3356.2,5.64751508268268,3.1218316134517248,24590180.823340096,138873417.08570758,7.473412073177999,168.0,1.0,80.66176470588235,100.0,26.63235294117647,0.30705514705882353,0.42607536764705883,1301.0294117647059,65.0,210.7776470588235
2,sweep,a100,wavefront,angle_inner,144,18,512,2985984,1,1,8,50,3,3.8818359375,9.70458984375,False,122484500.0,76559470.0,74628450.0,76650760.0,1.5998608663304488,650.12994,954.561,525.729,0.6810774167392131,0.5507547448512982,229645169.08727506,156406138.5286011,2.271880759859167,8.0,1.0,40.375,96.0,16.083333333333332,0.267795,0.37046999999999997,1180.625,61.0,145.64416666666668
2,sweep,a100,wavefront,angle_inner,144,18,512,2985984,2,3,24,50,3,5.9521484375,14.88037109375,False,122484500.0,53584390.0,53571450.0,53869130.0,2.2858242857668065,1232.94251,963.082,927.177,1.2802051227205993,0.9627186470103273,121091777.42602126,155022313.78013504,3.864613552752063,24.0,1.0,45.0,98.0,16.833333333333332,0.28248333333333336,0.3874666666666667,1249.0,61.0,155.79733333333334
2,sweep,a100,wavefront,angle_inner,144,18,512,2985984,3,6,48,50,3,9.0791015625,22.69775390625,False,122484500.0,39219910.0,38948490.0,39369620.0,3.123018385304811,1955.2709200000002,958.507,1342.92,2.0399130314123948,1.4010539307485497,76357295.79612425,155762242.73792472,5.336402466267536,48.0,1.0,53.857142857142854,98.0,18.742857142857144,0.29151428571428567,0.3993535714285714,1192.2857142857142,61.0,164.69371428571426
2,sweep,a100,wavefront,angle_inner,144,18,512,2985984,4,10,80,50,3,13.3466796875,33.36669921875,False,122484500.0,28446670.0,28306840.0,28505790.0,4.305758811136769,3011.75084,954.2080000000001,1886.67,3.156283367986854,1.9772104195311713,49572228.22589135,156463999.46342936,6.33069694223155,80.0,1.0,63.604651162790695,100.0,21.41860465116279,0.2969767441860465,0.40881395348837213,1261.3953488372092,62.0,183.31976744186048
2,sweep,a100,wavefront,angle_inner,144,18,512,2985984,5,15,120,50,3,18.5244140625,46.31103515625,False,122484500.0,20487710.0,20455370.0,20508930.0,5.978437804908406,4414.95686,967.639,2621.78,4.562607398006902,2.7094608629871266,33816683.77162807,154292251.55249012,6.8334886985178,120.0,1.0,72.47169811320755,100.0,24.30188679245283,0.30475694444444446,0.4169305555555556,1275.2830188679245,65.0,190.83490566037736
2,sweep,a100,wavefront,angle_inner,144,18,512,2985984,6,21,168,50,3,24.8056640625,62.01416015625,False,122484500.0,15304570.0,15276240.0,15342890.0,8.003132397708658,6067.26362,968.797,3459.69,6.262677960398308,3.571119646324256,24607336.90684764,154107826.51061058,7.249859264847428,168.0,1.0,81.33846153846154,100.0,26.630769230769232,0.3113560606060606,0.4268371212121212,1307.5384615384614,68.0,213.79876923076924
2,sweep,a100,wavefront,angle_inner,144,24,216,2985984,1,1,8,50,3,3.2841796875,8.21044921875,False,158319200.0,87027250.0,86901710.0,87087220.0,1.81919111542649,734.35842,722.008,621.503,1.017105655338999,0.8607979412970493,203305628.33336887,206783304.3401181,1.9217825175421517,8.0,1.0,34.0,96.0,15.583333333333334,0.277115,0.37676499999999996,1210.625,61.0,137.83833333333334
2,sweep,a100,wavefront,angle_inner,144,24,216,2985984,2,3,24,50,3,4.9912109375,12.47802734375,False,158319200.0,62527040.0,62446220.0,63000150.0,2.532011750436291,1260.9363600000001,726.1,987.253,1.7365877427351606,1.359665335353257,118403437.90229031,205617958.95882112,3.629445339745739,24.0,1.0,41.96296296296296,97.0,17.962962962962962,0.2791517857142857,0.3828392857142857,1127.7777777777778,61.0,155.40333333333334
2,sweep,a100,wavefront,angle_inner,144,24,216,2985984,3,6,48,50,3,7.5654296875,18.91357421875,False,158319200.0,45213300.0,45173560.0,45260890.0,3.5016068280793484,1974.76088,729.462,1375.19,2.707147020680995,1.8852112927061315,75603685.24213423,204670291.2557474,5.211179255230186,48.0,1.0,52.6875,98.0,19.46875,0.28923828125,0.3963984375,1215.0,63.0,163.7809375
2,sweep,a100,wavefront,angle_inner,144,24,216,2985984,4,10,80,50,3,11.0107421875,27.52685546875,False,158319200.0,32676350.0,32606730.0,32764370.0,4.84506990529848,2949.14005,734.3040000000001,1927.0,4.016238574214494,2.624253715082581,50624655.82127915,203320695.5157537,6.198202387130253,80.0,1.0,56.717948717948715,99.0,20.923076923076923,0.29613141025641027,0.40557371794871794,1189.2307692307693,64.0,173.0
2,sweep,a100,wavefront,angle_inner,144,24,216,2985984,5,15,120,50,3,15.2998046875,38.24951171875,False,158319200.0,23780780.0,23780570.0,23871240.0,6.6574435321297285,4265.96771,740.273,2658.41,5.762695262423457,3.5911211134270733,34997733.25757311,201681271.63897642,6.739330652532906,120.0,1.0,69.0,100.0,23.916666666666668,0.3007578125,0.41202083333333334,1221.875,64.0,188.18395833333332
2,sweep,a100,wavefront,angle_inner,144,24,216,2985984,6,21,168,50,3,20.4287109375,51.07177734375,False,158319200.0,18011560.0,17921640.0,18018330.0,8.789866063794586,5811.20502,744.068,3488.33,7.810045614110539,4.688187101178925,25691607.762274407,200652628.5231995,7.190336235390573,168.0,1.0,74.25862068965517,100.0,25.75862068965517,0.30573093220338987,0.41959745762711864,1241.6379310344828,66.0,198.63793103448276
2,sweep,a100,wavefront,angle_inner,144,36,64,2985984,1,1,8,50,3,2.8271484375,7.06787109375,False,209248300.0,96216860.0,96010830.0,97284900.0,2.1747571059791393,818.7846800000001,537.493,718.07,1.5233401737324952,1.3359615846159856,182342444.41407964,277769570.95255196,1.6633386717172418,8.0,1.0,30.083333333333332,95.0,15.291666666666666,0.269015625,0.36651562499999996,1091.875,61.0,131.06666666666666
2,sweep,a100,wavefront,angle_inner,144,36,64,2985984,2,3,24,50,3,4.1826171875,10.45654296875,False,209248300.0,69036090.0,68667860.0,69499250.0,3.0309987138611123,1350.8307,536.9879999999999,1079.7,2.5155696216675234,2.010659456077231,110523990.90426359,278030793.9842232,3.3186818560711306,24.0,1.0,38.592592592592595,97.0,16.814814814814813,0.28241517857142856,0.3787455357142857,1117.7777777777778,60.0,145.38592592592593
2,sweep,a100,wavefront,angle_inner,144,36,64,2985984,3,6,48,50,3,6.2275390625,15.56884765625,False,209248300.0,50768070.0,50334180.0,50967380.0,4.1216516601872,2006.30925,537.828,1468.16,3.730391965461077,2.729794655540433,74414849.05679421,277596555.0324639,4.881185701830863,48.0,1.0,48.67741935483871,98.0,18.451612903225808,0.2861640625,0.3876875,1218.8709677419354,61.0,160.65064516129033
2,sweep,a100,wavefront,angle_inner,144,36,64,2985984,4,10,80,50,3,8.9384765625,22.34619140625,False,209248300.0,36687670.0,36457480.0,36711870.0,5.703504746962672,2895.46683,529.502,2014.81,5.46828308486087,3.8051036634422535,51563084.21602606,281961541.2217518,5.928070636933508,80.0,1.0,57.75,98.0,21.86111111111111,0.29176689189189187,0.3997297297297297,1222.5,64.0,182.1436111111111
2,sweep,a100,wavefront,angle_inner,144,36,64,2985984,5,15,120,50,3,12.3544921875,30.88623046875,False,209248300.0,26572280.0,26500830.0,26576460.0,7.8746836929311295,4166.758510000001,540.996,2757.61,7.702013526902234,5.097283528898551,35831018.19836447,275970986.8464831,6.496895500088844,120.0,1.0,67.6590909090909,99.0,23.59090909090909,0.3040142045454546,0.41384943181818185,1244.659090909091,65.0,188.01568181818183
2,sweep,a100,wavefront,angle_inner,144,36,64,2985984,6,21,168,50,3,16.4072265625,41.01806640625,False,209248300.0,20173650.0,20126170.0,20217520.0,10.372357010258431,5585.176039999999,535.733,3584.24,10.4252977509319,6.690347617189906,26731332.8945671,278682104.7051424,6.9979313885230905,168.0,1.0,71.30188679245283,99.0,24.962264150943398,0.3046155660377359,0.41794103773584906,1261.132075471698,66.0,198.6518867924528
2,sweep,a100,wavefront,angle_inner,144,48,27,2985984,1,1,8,50,3,2.5751953125,6.43798828125,False,261298000.0,98638870.0,98442280.0,98794700.0,2.649036835073232,959.89486,398.9162,865.724,2.406256903078892,2.1701901301576623,155537034.54563764,374262063.0598607,1.3796470930689224,8.0,1.0,31.043478260869566,94.0,16.652173913043477,0.2734947916666667,0.3705416666666667,1076.0869565217392,59.0,127.08043478260869
2,sweep,a100,wavefront,angle_inner,144,48,27,2985984,2,3,24,50,3,3.7919921875,9.47998046875,False,261298000.0,72378620.0,72241550.0,72464590.0,3.610154490372986,1408.0558299999998,394.7818,1175.61,3.566668549563328,2.977872840135994,106032159.25038996,378181567.64065623,3.0479332431673773,24.0,1.0,34.57692307692308,96.0,15.615384615384615,0.27563461538461537,0.37727884615384616,1118.6538461538462,59.0,139.1069230769231
2,sweep,a100,wavefront,angle_inner,144,48,27,2985984,3,6,48,50,3,5.5634765625,13.90869140625,False,261298000.0,54294470.0,54135530.0,54496620.0,4.8126079875169605,1987.09438,398.9526,1527.3,4.980778117500675,3.8282743363497316,75134428.18956591,374227915.7975158,4.692176782557455,48.0,1.0,46.03448275862069,97.0,18.310344827586206,0.28623750000000003,0.3890708333333333,1204.1379310344828,60.0,156.2206896551724
2,sweep,a100,wavefront,angle_inner,144,48,27,2985984,4,10,80,50,3,7.9658203125,19.91455078125,False,261298000.0,39127270.0,39065190.0,39260760.0,6.678155669945795,2903.02092,401.8135,2136.22,7.224796877158185,5.316446560406756,51428909.44099707,371563424.32496667,5.591154469108988,80.0,1.0,56.51428571428571,98.0,20.142857142857142,0.29219285714285714,0.399425,1234.2857142857142,62.0,176.07571428571427
2,sweep,a100,wavefront,angle_inner,144,48,27,2985984,5,15,120,50,3,10.9736328125,27.43408203125,False,261298000.0,28495920.0,28487910.0,28650450.0,9.169663586927532,4093.40477,401.2279,2877.79,10.20219374076429,7.1724573490527455,36473109.40129676,372105728.440121,6.2255772658880595,120.0,1.0,68.04761904761905,100.0,22.88095238095238,0.29528571428571426,0.4062321428571429,1256.0714285714287,64.0,188.29166666666666
2,sweep,a100,wavefront,angle_inner,144,48,27,2985984,6,21,168,50,3,14.5419921875,36.35498046875,False,261298000.0,21809480.0,21780150.0,21820970.0,11.98093673026592,5417.34565,398.7317,3679.59,13.586443340221006,9.228235427481689,27559474.629424833,374435240.5389389,6.8165925007949255,168.0,1.0,72.75510204081633,100.0,24.489795918367346,0.3063877551020408,0.420015306122449,1295.5102040816328,63.0,187.80367346938775
2,sweep,a100,wavefront,angle_inner,144,72,8,2985984,1,1,8,50,3,2.3623046875,5.90576171875,False,318776800.0,95685200.0,95510580.0,96211740.0,3.331516263748208,1110.2696999999998,332.6898,1024.11,3.3372519987087066,3.0782729136871643,134471110.93818018,448763983.74702203,1.1662747165831797,8.0,1.0,30.652173913043477,92.0,16.956521739130434,0.269546875,0.3626979166666667,1100.2173913043478,57.0,124.41826086956522
2,sweep,a100,wavefront,angle_inner,144,72,8,2985984,2,3,24,50,3,3.3994140625,8.49853515625,False,318776800.0,72274900.0,72144300.0,72385470.0,4.410615580236016,1550.9033299999999,332.1297,1339.58,4.669571345170275,4.033303856896868,96265961.33493376,449520774.56487626,2.6748539094343005,24.0,1.0,38.4,95.0,17.64,0.27144711538461536,0.36912500000000004,1186.2,59.0,150.6804
2,sweep,a100,wavefront,angle_inner,144,72,8,2985984,3,6,48,50,3,4.9716796875,12.42919921875,False,318776800.0,56253990.0,56040230.0,56294010.0,5.666741150272185,2056.73503,329.3561,1642.27,6.244715157848905,4.986305096520149,72590390.99460469,453306314.95818657,4.363692693649644,48.0,1.0,44.857142857142854,96.0,17.75,0.2840991379310345,0.38607327586206897,1213.392857142857,59.0,157.50500000000002
2,sweep,a100,wavefront,angle_inner,144,72,8,2985984,4,10,80,50,3,7.0712890625,17.67822265625,False,318776800.0,41028700.0,40894220.0,41031140.0,7.769605178813855,2962.87964,328.3441,2277.69,9.023702999383877,6.936899429592309,50389897.0394896,454703465.053887,5.243881300791591,80.0,1.0,49.411764705882355,97.0,18.264705882352942,0.28631249999999997,0.3940073529411765,1151.0294117647059,61.0,165.9844117647059
2,sweep,a100,wavefront,angle_inner,144,72,8,2985984,5,15,120,50,3,9.6767578125,24.19189453125,False,318776800.0,30168000.0,29927860.0,30180840.0,10.566719702996552,4135.39434,330.8165,3027.73,12.500568562934435,9.152294398858581,36102772.24493179,451305179.7597762,5.917272676229386,120.0,1.0,58.170731707317074,98.0,21.097560975609756,0.298844512195122,0.4071920731707317,1207.6829268292684,63.0,183.38463414634148
2,sweep,a100,wavefront,angle_inner,144,72,8,2985984,6,21,168,50,3,12.7958984375,31.98974609375,False,318776800.0,23130430.0,23073670.0,23216590.0,13.781706608999487,5454.32124,330.7762,3863.57,16.4894609708921,11.68031436360899,27372645.179952763,451360164.36490893,6.491992017745246,168.0,1.0,68.14893617021276,98.0,23.659574468085108,0.3005239361702128,0.41536702127659575,1248.8297872340424,66.0,196.61787234042555
2,sweep,a100,wavefront,angle_inner,144,144,1,2985984,1,1,8,50,3,2.1708984375,5.42724609375,False,258943200.0,74826260.0,74721280.0,75872300.0,3.4605925780601625,1437.8351400000001,418.4672,1354.64,3.4359566054400443,3.2371473797707444,103836104.60375866,356776349.496448,0.8817055453847517,8.0,1.0,33.52,89.0,14.6,0.26091346153846157,0.3618509615384615,1099.8,58.0,124.6092
2,sweep,a100,wavefront,angle_inner,144,144,1,2985984,2,3,24,50,3,3.0537109375,7.63427734375,False,258943200.0,58775020.0,58770610.0,59020810.0,4.405667577824729,1991.02233,408.8499,1769.84,4.8698124421700975,4.328825811135089,74986200.68213901,365168733.0729444,2.024578944989378,24.0,1.0,39.48275862068966,92.0,16.586206896551722,0.269625,0.37194827586206897,1167.9310344827586,59.0,140.78931034482758
2,sweep,a100,wavefront,angle_inner,144,144,1,2985984,3,6,48,50,3,4.3994140625,10.99853515625,False,258943200.0,48519060.0,48229800.0,48636480.0,5.336937690054176,2464.62486,404.3961,2012.17,6.094581179195348,4.975740369405146,60576845.7598046,369190504.06272465,3.561509017627735,48.0,1.0,44.03225806451613,94.0,15.225806451612904,0.2818588709677419,0.38452419354838707,1163.225806451613,60.0,152.80548387096775
2,sweep,a100,wavefront,angle_inner,144,144,1,2985984,4,10,80,50,3,6.1943359375,15.48583984375,False,258943200.0,37363270.0,37213880.0,37372230.0,6.9304212398968295,3360.0166200000003,412.46939999999995,2597.09,8.146099128808103,6.296442839153645,44434065.92435248,361964305.7157695,4.598968845900604,80.0,1.0,53.17142857142857,95.0,18.457142857142856,0.2896354166666667,0.39520833333333333,1250.142857142857,62.0,175.13285714285712
2,sweep,a100,wavefront,angle_inner,144,144,1,2985984,5,15,120,50,3,8.4248046875,21.06201171875,False,258943200.0,28197000.0,28110670.0,28212130.0,9.183359931907649,4548.997890000001,409.6418,3308.78,11.104818624466548,8.077251882010088,32820239.448385406,364462806.28588194,5.414655552801939,120.0,1.0,61.904761904761905,97.0,20.952380952380953,0.29727034883720926,0.4065436046511628,1279.642857142857,63.0,181.34690476190477
2,sweep,a100,wavefront,angle_inner,144,144,1,2985984,6,21,168,50,3,11.1201171875,27.80029296875,False,258943200.0,22079720.0,21999940.0,22137340.0,11.727648720183046,5930.1938900000005,413.9584,4149.93,14.325579309418533,10.024992849523045,25176107.69046878,360662327.4222724,6.04402136903514,168.0,1.0,69.26,100.0,22.58,0.3004019607843137,0.4122156862745098,1268.4,65.0,195.8528
