phase,suite,device,sweep,tile_size,N,B,nmb,zones,nmu,rays_per_octant,rays_total,nlim,n_repeat,peak_mem_gib,pct_fill,oom,zcps_off_med,zcps_on_med,zcps_on_min,zcps_on_max,slowdown_med,t_rad_ms,t_hydro_ms,t_sweep_ms,rad_over_hydro,sweep_over_hydro,rad_cells_per_s,hydro_cells_per_s,gcaups,nang,niter,sm_util_mean,sm_util_peak,mem_util_mean,dcgm_sm_occ_mean,dcgm_sm_active_mean,sm_clock_mhz,gpu_temp_c,power_w
2,sweep,gh200,tiled,0,224,56,64,11239424,3,6,48,50,3,13.8017578125,14.440436901635827,False,608829800.0,105324700.0,104992600.0,105632200.0,5.780503528611997,3976.0959900000003,751.869,3753.58,5.288282918965937,4.9923324408906335,141337432.85206753,747432331.9620838,7.186370771370265,48.0,1.0,81.3125,100.0,38.96875,0.2873030303030304,0.781030303030303,1980.0,43.0,416.8496874999999
2,sweep,gh200,tiled,0,224,56,64,11239424,6,21,168,50,3,33.3037109375,34.84484678811906,False,608829800.0,41928640.0,41912730.0,42032580.0,14.520618841918077,10995.94237,751.758,10327.5,14.626970873605602,13.737798600081408,51107143.07972496,747542693.260331,9.141724676833697,168.0,1.0,92.27397260273973,100.0,39.83561643835616,0.34032432432432447,0.8987297297297293,1980.0,48.0,474.8790410958906
2,sweep,gh200,tiled,8,224,56,64,11239424,3,6,48,50,3,13.802734375,14.441458654759836,False,608829800.0,89404110.0,89391020.0,89413780.0,6.809863662867401,4940.891610000001,752.0719999999999,4718.64,6.5697055734025485,6.274186514057166,113738823.75047688,747230584.3057581,5.716608514317684,48.0,1.0,86.02702702702703,100.0,12.81081081081081,0.2981052631578947,0.8258947368421052,1980.0,45.0,309.27162162162165
2,sweep,gh200,tiled,8,224,56,64,11239424,6,21,168,50,3,33.30078125,34.84178152874703,False,608829800.0,29938490.0,29932650.0,29940000.0,20.33602229103739,16376.35626,751.426,15708.0,21.793704583019483,20.90425404497582,34316009.68358513,747872977.5120903,6.010387165775401,168.0,1.0,94.26,100.0,11.8,0.3339702970297027,0.927237623762376,1980.0,43.0,318.45169999999996
2,sweep,gh200,tiled,14,224,56,64,11239424,3,6,48,50,3,13.7978515625,14.436349889139786,False,608829800.0,143856100.0,143632000.0,143901800.0,4.232213997181906,2570.9784100000006,751.59,2348.84,3.420719288441837,3.125161324658391,218582621.23640308,747709788.5815405,11.484229492004564,48.0,1.0,77.16,100.0,17.32,0.29038461538461546,0.741576923076923,1980.0,45.0,373.9556
2,sweep,gh200,tiled,14,224,56,64,11239424,6,21,168,50,3,33.2978515625,34.83871626937499,False,608829800.0,53062640.0,52999410.0,53064640.0,11.473793991403367,8191.027929999999,751.697,7522.63,10.896714939663187,10.007529629624702,68608141.10299341,747603356.1395084,12.550286482254212,168.0,1.0,90.94915254237289,100.0,18.440677966101696,0.35131666666666667,0.880533333333333,1980.0,47.0,394.5459322033898
2,sweep,gh200,tiled,28,224,56,64,11239424,3,6,48,50,3,13.7978515625,14.436349889139786,False,608829800.0,137181900.0,137016900.0,137337600.0,4.438120480908925,2749.42886,751.998,2527.08,3.6561651227795817,3.360487660871438,204395614.00399354,747304115.170519,10.674223847286198,48.0,1.0,82.64,100.0,33.4,0.3103461538461539,0.8015769230769231,1980.0,49.0,429.5727999999999
2,sweep,gh200,tiled,28,224,56,64,11239424,6,21,168,50,3,33.30078125,34.84178152874703,False,608829800.0,54555400.0,54546010.0,54561280.0,11.15984485495478,7897.98648,752.432,7229.36,10.496611627363004,9.607991154017904,71153730.31127296,746873072.9155592,13.05940796972346,168.0,1.0,92.66666666666667,100.0,33.92982456140351,0.35841379310344845,0.895896551724138,1980.0,53.0,485.45964912280704
2,sweep,gh200,wavefront,0,224,56,64,11239424,3,6,48,50,3,13.8017578125,14.440436901635827,False,608829800.0,120247000.0,120166800.0,120304000.0,5.0631599956755675,3336.94201,751.198,3114.8,4.442160402450487,4.146443414386088,168409039.86821157,748099968.3172745,8.660144343135995,48.0,1.0,79.17241379310344,99.0,32.93103448275862,0.36503333333333327,0.7653000000000001,1980.0,51.0,461.6803448275863
2,sweep,gh200,wavefront,0,224,56,64,11239424,6,21,168,50,3,33.3037109375,34.84484678811906,False,608829800.0,43319460.0,43276420.0,43319700.0,14.054418037528631,10576.473769999999,751.518,9907.96,14.073480302534335,13.183929060914041,53134079.67729495,747781423.7317003,9.528819413885403,168.0,1.0,92.5,100.0,38.24285714285714,0.4579571428571427,0.9181142857142858,1980.0,56.0,531.8730000000002
2,sweep,gh200,diagonal_compact,0,224,56,64,11239424,3,6,48,50,3,13.802734375,14.441458654759836,False,608829800.0,101857600.0,101767700.0,102034800.0,5.977264337663562,4172.97451,751.943,3950.59,5.549588878412327,5.253842379010112,134669214.6461254,747358775.8646599,6.827997235855911,48.0,1.0,85.40625,100.0,42.0625,0.2958787878787879,0.8136363636363639,1980.0,51.0,428.20843749999995
2,sweep,gh200,diagonal_compact,0,224,56,64,11239424,6,21,168,50,3,33.3017578125,34.842803281871035,False,608829800.0,41859520.0,41842910.0,41917610.0,14.544595829096941,11010.33811,751.655,10342.1,14.648127279137372,13.759104908501907,51040321.77627649,747645129.7470249,9.128819253343131,168.0,1.0,91.02702702702703,100.0,38.5945945945946,0.33682666666666644,0.8906000000000001,1980.0,52.0,477.1133783783783
2,sweep,gh200,tiled,0,224,112,8,11239424,3,6,48,50,3,11.46875,11.999468688375515,False,978361100.0,105530200.0,105454600.0,105604500.0,9.270911075692077,4511.85162,446.042,4297.08,10.115306675156152,9.633801301222755,124554450.66254194,1259906466.2072182,6.277429696445028,48.0,1.0,83.3125,100.0,36.78125,0.18096969696969697,0.7594242424242424,1980.0,48.0,406.3753125
2,sweep,gh200,tiled,0,224,112,8,11239424,6,21,168,50,3,26.72265625,27.959252485414474,False,978361100.0,26284100.0,26207570.0,26298820.0,37.22254518891649,20078.40554,444.8605,19424.3,45.13416124830143,43.663800225014356,27988836.009933487,1263252637.6246037,4.86046661140942,168.0,1.0,95.05357142857143,100.0,50.9375,0.3049380530973451,0.9115840707964603,1980.0,52.0,462.95285714285717
2,sweep,gh200,tiled,8,224,112,8,11239424,3,6,48,50,3,11.4619140625,11.992316416507444,False,978361100.0,96554500.0,96554200.0,96582270.0,10.132734362458509,5006.98289,445.4987,4792.38,11.239051629106887,10.757337787966609,112237491.58847234,1261442962.6842906,5.6286474778711195,48.0,1.0,85.23529411764706,100.0,11.676470588235293,0.28847058823529403,0.8441176470588236,1980.0,46.0,316.0194117647058
2,sweep,gh200,tiled,8,224,112,8,11239424,6,21,168,50,3,26.71875,27.955165472918434,False,978361100.0,31657910.0,31653970.0,31657990.0,30.904159497578963,16415.45716,444.8456,15761.2,36.90147134196675,35.43072023191867,34234270.451472454,1263294949.9781497,5.990099840113697,168.0,1.0,93.94680851063829,100.0,10.48936170212766,0.3203473684210523,0.9289263157894733,1980.0,44.0,322.26297872340433
2,sweep,gh200,tiled,14,224,112,8,11239424,3,6,48,50,3,11.4658203125,11.996403429003484,False,978361100.0,163335300.0,163261800.0,163517600.0,5.989893795156344,2632.61258,444.7111,2418.21,5.919826557061427,5.437710009936788,213465211.04901809,1263677025.3766997,11.154787053233589,48.0,1.0,76.9090909090909,100.0,17.227272727272727,0.26891304347826084,0.7386086956521739,1980.0,46.0,393.0618181818182
2,sweep,gh200,tiled,14,224,112,8,11239424,6,21,168,50,3,26.71875,27.955165472918434,False,978361100.0,57890060.0,57877620.0,57903050.0,16.900329693906002,8331.15004,444.86260000000004,7677.03,18.727467851871566,17.25708117517633,67454216.68099017,1263246674.3664222,12.297875819164444,168.0,1.0,90.20370370370371,100.0,16.88888888888889,0.33040740740740765,0.8848518518518517,1980.0,46.0,409.2451851851852
2,sweep,gh200,tiled,16,224,112,8,11239424,3,6,48,50,3,11.4677734375,11.998446935251504,False,978361100.0,170294300.0,170235500.0,170661200.0,5.745119478455826,2487.86259,447.4239,2273.23,5.560415056057578,5.08070757954593,225885144.24343666,1256015156.9909432,11.866206939025089,48.0,1.0,78.61904761904762,100.0,19.857142857142858,0.26127272727272727,0.7125909090909089,1980.0,49.0,402.492380952381
2,sweep,gh200,tiled,16,224,112,8,11239424,6,21,168,50,3,26.724609375,27.961295991662496,False,978361100.0,61798310.0,61777400.0,61897660.0,15.831518693634179,7722.6528499999995,445.0932,7068.3,17.35064218010969,15.880494242554143,72769190.96525231,1262592194.1741638,13.3569828105768,168.0,1.0,88.80392156862744,100.0,18.54901960784314,0.3260192307692308,0.8636153846153849,1980.0,53.0,450.18078431372544
2,sweep,gh200,tiled,28,224,112,8,11239424,3,6,48,50,3,11.470703125,12.001512194623535,False,978361100.0,150560400.0,150499300.0,150698800.0,6.498130318463554,2929.7432000000003,446.26619999999997,2714.86,6.56501254184162,6.08349904160342,191815856.07912663,1259273500.8835535,9.935914780135992,48.0,1.0,76.79166666666667,100.0,32.5,0.25144000000000005,0.7087199999999999,1980.0,53.0,442.6116666666666
2,sweep,gh200,tiled,28,224,112,8,11239424,6,21,168,50,3,26.7265625,27.963339497910514,False,978361100.0,58249320.0,58227820.0,58285990.0,16.796094787029272,8310.575289999999,445.4495,7655.9,18.65660482276891,17.18690895376468,67621215.18545319,1261582289.3504202,12.331817500228583,168.0,1.0,89.22222222222223,100.0,32.5,0.3235185185185185,0.8675925925925922,1980.0,54.0,495.72425925925927
2,sweep,gh200,wavefront,0,224,112,8,11239424,3,6,48,50,3,11.4755859375,12.006620960243586,False,978361100.0,122575100.0,122488800.0,122696200.0,7.981727936587447,3795.54429,444.9296,3581.14,8.530662581226332,8.04877895289502,148060767.32673302,1263056447.5818198,7.532410796561988,48.0,1.0,80.28571428571429,98.0,33.17857142857143,0.3520689655172414,0.7429655172413793,1980.0,52.0,477.74821428571425
2,sweep,gh200,wavefront,0,224,112,8,11239424,6,21,168,50,3,26.7314453125,27.968448263530565,False,978361100.0,42953440.0,42951110.0,42957510.0,22.777246711788393,11757.441149999999,444.7325,11102.8,26.437108036853612,24.96511948193577,47797066.796290115,1263616218.7382302,8.50336506106568,168.0,1.0,91.18571428571428,100.0,35.285714285714285,0.4463714285714282,0.904342857142857,1980.0,55.0,548.773142857143
2,sweep,gh200,diagonal_compact,0,224,112,8,11239424,3,6,48,50,3,11.474609375,12.005599207119575,False,978361100.0,87658970.0,87604380.0,87780040.0,11.160992423251152,5597.6819,446.5494,5382.9,12.535414670806857,12.054433395274968,100393557.55460131,1258474874.224442,5.011168255029817,48.0,1.0,86.54054054054055,100.0,50.027027027027025,0.18929729729729727,0.8147297297297296,1980.0,49.0,425.68405405405406
2,sweep,gh200,diagonal_compact,0,224,112,8,11239424,6,21,168,50,3,26.7314453125,27.968448263530565,False,978361100.0,25079180.0,25067940.0,25087940.0,39.01088871326734,21049.02855,445.79879999999997,20393.6,47.21643160546866,45.7461976120169,26698201.233614653,1260593792.536005,4.629450494272713,168.0,1.0,95.8974358974359,100.0,53.8034188034188,0.3071949152542373,0.9251949152542371,1980.0,50.0,457.3002564102565
2,sweep,gh200,tiled,0,224,224,1,11239424,3,6,48,50,3,10.427734375,10.910279858180667,False,788786400.0,34019020.0,33904600.0,34027430.0,23.18662912688255,15638.75076,547.3639000000001,15427.2,28.571030643416563,28.184540485771894,35934532.66340054,1026686633.8828702,1.7485102675793402,48.0,1.0,93.39772727272727,100.0,10.193181818181818,0.03838202247191011,0.3662247191011235,1980.0,40.0,235.6697727272728
2,sweep,gh200,tiled,0,224,224,1,11239424,6,21,168,50,3,23.6640625,24.7591217010146,False,788786400.0,28084060.0,27956750.0,28196960.0,28.086622803113226,18801.808960000002,547.1243,18153.5,34.364785040620575,33.17984596918836,29889209.12852419,1027136246.7358881,5.200714000055085,168.0,1.0,94.16037735849056,100.0,20.68867924528302,0.10385046728971963,0.9047663551401871,1980.0,41.0,346.1203773584906
2,sweep,gh200,tiled,8,224,224,1,11239424,3,6,48,50,3,10.3837890625,10.864300967600208,False,788786400.0,94756040.0,94721300.0,94761380.0,8.3243917749201,5076.102330000001,547.1683,4864.74,9.277040226928351,8.890756281019934,110709194.46968673,1027053650.5861175,5.544924826403879,48.0,1.0,86.8,100.0,11.142857142857142,0.25266666666666665,0.7954444444444444,1980.0,41.0,306.19971428571426
2,sweep,gh200,tiled,8,224,224,1,11239424,6,21,168,50,3,23.619140625,24.71212105731013,False,788786400.0,31640100.0,31639570.0,31649660.0,24.929959134136745,16623.30069,548.9159999999999,15973.4,30.28386982707737,29.099898709456458,33806234.42238895,1023783602.591289,5.910523845893799,168.0,1.0,93.98936170212765,100.0,9.829787234042554,0.3023473684210522,0.9177999999999996,1980.0,43.0,311.59776595744694
2,sweep,gh200,tiled,14,224,224,1,11239424,3,6,48,50,3,10.3828125,10.863279214476199,False,788786400.0,156313700.0,156302800.0,156324300.0,5.046175735076324,2737.59423,548.9976,2525.57,4.986532236206497,4.600329764647423,205279217.0006875,1023631432.9971569,10.680605803838342,48.0,1.0,78.95652173913044,99.0,15.565217391304348,0.23295652173913042,0.7240869565217392,1980.0,47.0,374.7369565217391
2,sweep,gh200,tiled,14,224,224,1,11239424,6,21,168,50,3,23.6201171875,24.713142810434142,False,788786400.0,58130000.0,58123950.0,58131560.0,13.569351453638397,8532.04066,549.2444,7882.32,15.534142287112987,14.351206858003467,65865977.71792616,1023171469.7500783,11.977585482446793,168.0,1.0,90.35849056603773,100.0,13.81132075471698,0.30118518518518506,0.8704074074074074,1980.0,48.0,402.8984905660377
2,sweep,gh200,tiled,16,224,224,1,11239424,3,6,48,50,3,10.3857421875,10.866344473848228,False,788786400.0,159808300.0,159771400.0,160109300.0,4.935828739808883,2655.7923699999997,549.0218,2443.68,4.837316787785111,4.450970799338022,211602083.93851215,1023586312.9660789,11.03852288351994,48.0,1.0,74.43478260869566,99.0,15.782608695652174,0.22147826086956524,0.690608695652174,1980.0,47.0,373.6078260869565
2,sweep,gh200,tiled,16,224,224,1,11239424,6,21,168,50,3,23.62109375,24.714164563558153,False,788786400.0,60774070.0,60759440.0,60836520.0,12.97899581186516,8102.862969999999,549.3479,7452.65,14.749966223589823,13.566357494039751,69354646.87982994,1022978698.9264909,12.66813302650735,168.0,1.0,89.23076923076923,100.0,16.115384615384617,0.2900943396226416,0.8370943396226415,1980.0,48.0,435.9488461538462
2,sweep,gh200,tiled,28,224,224,1,11239424,3,6,48,50,3,10.3857421875,10.866344473848228,False,788786400.0,135049200.0,135020100.0,135133800.0,5.840733599310473,3299.4758099999995,549.4147,3087.33,6.005437804995023,5.6193072373200055,170321357.8038022,1022854321.1530379,8.737199327574313,48.0,1.0,79.38461538461539,100.0,28.192307692307693,0.2053703703703704,0.6659999999999999,1980.0,47.0,398.51192307692304
2,sweep,gh200,tiled,28,224,224,1,11239424,6,21,168,50,3,23.6240234375,24.717229822930182,False,788786400.0,57543160.0,57519020.0,57606030.0,13.70773520258533,8620.22075,549.1837,7970.74,15.696424984936733,14.513795657081591,65192205.19961742,1023284558.5183973,11.844717253354142,168.0,1.0,89.94444444444444,100.0,31.22222222222222,0.28699999999999976,0.8418181818181819,1980.0,50.0,477.5559259259261
2,sweep,gh200,tiled,32,224,224,1,11239424,3,6,48,50,3,10.38671875,10.867366226972239,False,788786400.0,128081400.0,127969500.0,128229800.0,6.158477343314486,3530.45632,549.2636,3318.53,6.42761748639451,6.041780303664762,159178063.41815895,1023135703.8769728,8.1284838768973,48.0,1.0,81.44444444444444,100.0,30.25925925925926,0.20525,0.6825714285714286,1980.0,47.0,404.72592592592594
2,sweep,gh200,tiled,32,224,224,1,11239424,6,21,168,50,3,23.6240234375,24.717229822930182,False,788786400.0,53634020.0,53528600.0,53657680.0,14.70682973232288,9356.73993,549.0074,8706.62,17.043012407483033,15.858839061185698,60060577.10316204,1023613160.7697821,10.843606543067228,168.0,1.0,90.37931034482759,100.0,33.94827586206897,0.2829491525423729,0.8407457627118646,1980.0,52.0,484.941379310345
2,sweep,gh200,wavefront,0,224,224,1,11239424,3,6,48,50,3,10.4296875,10.912323364428687,False,788786400.0,102472600.0,102142200.0,102483800.0,7.697534755632237,4651.82241,549.3996,4439.75,8.467101923627174,8.081094343716305,120806675.42078419,1022882433.8423253,6.075706424911312,48.0,1.0,80.46875,97.0,30.84375,0.33009090909090916,0.742090909090909,1980.0,51.0,442.61750000000006
2,sweep,gh200,wavefront,0,224,224,1,11239424,6,21,168,50,3,23.6650390625,24.76014345413861,False,788786400.0,37351440.0,37349660.0,37375180.0,21.117964929866158,13930.353790000001,549.1563,13280.2,25.36682869703944,24.18291477308009,40341487.98169181,1023335615.0152515,7.109167151097121,168.0,1.0,91.60493827160494,99.0,33.55555555555556,0.4210987654320987,0.8899999999999996,1980.0,57.0,522.1830864197532
2,sweep,gh200,diagonal_compact,0,224,224,1,11239424,3,6,48,50,3,10.4306640625,10.913345117552696,False,788786400.0,49857660.0,49830540.0,49886040.0,15.820766558237992,10389.739909999998,549.1444,10177.8,18.91986863564483,18.53392295359836,54089053.707601435,1023357790.774157,2.6503387372516656,48.0,1.0,92.0327868852459,100.0,14.475409836065573,0.046112903225806426,0.3759516129032255,1980.0,44.0,264.14901639344265
2,sweep,gh200,diagonal_compact,0,224,224,1,11239424,6,21,168,50,3,23.6630859375,24.758099947890592,False,788786400.0,33681190.0,33616650.0,33754770.0,23.419196293242607,15527.26298,549.372,14877.2,28.263659196318706,27.080375410468683,36192547.31009908,1022933822.6192816,6.346030274514021,168.0,1.0,93.69662921348315,100.0,29.60674157303371,0.10404444444444441,0.8178000000000001,1980.0,45.0,385.8251685393258
